motif,mean difference,cell line
AATAAAA,-0.0002557995,PC-3_replicate_1
AATAAAA,-0.0034117873,Panc1_replicate_1
AATAAAC,0.0010881524,PC-3_replicate_1
AATAAAC,-0.0019220139,Panc1_replicate_1
AATAAAG,0.000120482015,PC-3_replicate_1
AATAAAG,-0.0019174619,Panc1_replicate_1
AATAAAT,-0.0010815384,PC-3_replicate_1
AATAAAT,-0.003963614,Panc1_replicate_1
CATAAAA,0.0001850543,PC-3_replicate_1
CATAAAA,-0.0026868528,Panc1_replicate_1
CATAAAC,0.00082823343,PC-3_replicate_1
CATAAAC,-0.0013530902,Panc1_replicate_1
CATAAAG,0.00058332476,PC-3_replicate_1
CATAAAG,-0.0010798434,Panc1_replicate_1
CATAAAT,-0.0019045272,PC-3_replicate_1
CATAAAT,-0.003832093,Panc1_replicate_1
GATAAAA,-0.0011343423,PC-3_replicate_1
GATAAAA,-0.0030005057,Panc1_replicate_1
GATAAAC,3.6083504e-05,PC-3_replicate_1
GATAAAC,-0.00150853,Panc1_replicate_1
GATAAAG,-0.00044924705,PC-3_replicate_1
GATAAAG,-0.0011659112,Panc1_replicate_1
GATAAAT,-0.001987864,PC-3_replicate_1
GATAAAT,-0.0036071562,Panc1_replicate_1
TATAAAA,-0.0010303167,PC-3_replicate_1
TATAAAA,-0.002918822,Panc1_replicate_1
TATAAAC,0.00023466481,PC-3_replicate_1
TATAAAC,-0.001428125,Panc1_replicate_1
TATAAAG,9.4549585e-05,PC-3_replicate_1
TATAAAG,-0.0010653294,Panc1_replicate_1
TATAAAT,-0.0021821344,PC-3_replicate_1
TATAAAT,-0.0037585527,Panc1_replicate_1
